time_s,input_rad,output_rad,ring_contacts,cam_contacts,max_penetration_mm,min_volume_ratio,max_volume_ratio,max_contact_penalty_N,center_drift_mm
0.0,0.0,0.0,24,252,0.06649699807167053,0.9989081025123596,0.9989140033721924,6.649700164794922,2.6171883860115486e-07
0.03333333333333333,0.0,4.2402484723425005e-06,20,147,0.0004031317075714469,0.9850546717643738,1.0185717344284058,0.04031316936016083,3.81915015168488e-06
0.06666666666666667,0.0,-0.0006267170538194478,6,78,0.0002577780978754163,0.9857655167579651,1.0171642303466797,0.02577780745923519,5.210926701693097e-06
0.09999999999999999,0.0,-0.0007535937475040555,0,130,9.865289030130953e-05,0.9898375868797302,1.0137884616851807,0.009865288622677326,9.502935427008197e-06
0.13333333333333333,0.0,-0.0008403754327446222,4,99,0.00026278028963133693,0.99397212266922,1.0143353939056396,0.02627803012728691,1.0566793207544833e-05
0.16666666666666677,0.0,-0.0010193135822191834,6,170,0.00015956720744725317,0.988784909248352,1.020540475845337,0.01595672033727169,1.0125920198333915e-05
0.2000000000000002,0.0,-0.0011214776895940304,0,150,4.463618097361177e-05,0.9904768466949463,1.010424017906189,0.004463618155568838,8.114450793073047e-06
0.23333333333333364,0.0,-0.0012536050053313375,0,124,3.0164301279000938e-05,0.9930064678192139,1.0109158754348755,0.0030164301861077547,1.0029044688053546e-06
0.26666666666666694,0.0,-0.0014097688253968954,0,155,3.375862434040755e-05,0.9919714331626892,1.011267066001892,0.003375862492248416,5.277907803247217e-06
0.30000000000000016,0.0,-0.001655468950048089,0,146,5.0917151384055614e-05,0.9923566579818726,1.0102100372314453,0.0050917151384055614,5.361792773328489e-06
0.33333333333333337,0.0,-0.0020389563869684935,2,86,6.503978511318564e-05,0.9894707202911377,1.0111109018325806,0.006503978744149208,7.755068509140983e-06
0.3666666666666666,0.0,-0.002473877277225256,6,95,0.00014050783647689968,0.9896888732910156,1.007981538772583,0.014050783589482307,7.812340300006326e-06
0.3999999999999998,0.0,-0.0024517823476344347,4,76,0.0003846544132102281,0.99362713098526,1.0072414875030518,0.03846544027328491,8.795902431302238e-06
0.433333333333333,0.0,-0.00198802980594337,4,94,0.00012947384675499052,0.9944736361503601,1.0059884786605835,0.012947384268045425,8.492524102621246e-06
0.46666666666666623,0.0,-0.0014738256577402353,0,116,2.0319930627010763e-05,0.9946039915084839,1.0058104991912842,0.002031993120908737,5.557370059250388e-06
0.49999999999999944,0.0,-0.0009784841677173972,0,116,1.5168552636168897e-05,0.9943130016326904,1.0056326389312744,0.0015168553218245506,3.5368739190744236e-06
0.5333333333333327,0.0021266630940701137,-0.0004975225310772657,0,67,1.4237230061553419e-05,0.9939188957214355,1.0056935548782349,0.0014237230643630028,6.2189278651203495e-06
0.5666666666666659,0.008148751257828657,4.589326272252947e-05,0,86,2.079468686133623e-05,0.9938496947288513,1.005805253982544,0.002079468686133623,6.2699236877961084e-06
0.5999999999999991,0.017580011508909532,0.0006452773814089596,0,109,2.4168912204913795e-05,0.9943707585334778,1.005741834640503,0.0024168912786990404,4.350364633864956e-06
0.6333333333333323,0.029994888210840842,0.0012368913739919662,8,94,0.00019323124433867633,0.9944167137145996,1.0061179399490356,0.01932312361896038,3.4794604744092794e-06
0.6666666666666655,0.04502094642481411,0.0014834123430773616,8,114,0.0002271608536830172,0.9941245317459106,1.0062843561172485,0.022716084495186806,4.8008846533775795e-06
0.6999999999999987,0.06233224102930468,0.001280811382457614,8,121,0.0002895958605222404,0.9943896532058716,1.0064531564712524,0.02895958535373211,9.96002654574113e-06
0.733333333333332,0.08164351355048205,0.0006418191478587687,6,132,0.00038428150583058596,0.9948950409889221,1.0066332817077637,0.03842815384268761,1.1790977623604704e-05
0.7666666666666652,0.1027051133830188,-0.0004070945142302662,4,132,0.00031381205189973116,0.9951030015945435,1.0063848495483398,0.03138120472431183,1.3052568647253793e-05
0.7999999999999984,0.12529855297804937,-0.001686442643404007,2,118,0.0001347289071418345,0.9947690963745117,1.006332516670227,0.013472890481352806,9.913290341501124e-06
0.8333333333333316,0.14923261786226374,-0.0029938500374555588,4,92,3.688001015689224e-05,0.9944453835487366,1.0060142278671265,0.003688001073896885,6.657747690042015e-06
0.8666666666666648,0.17433996223040593,-0.004257600288838148,4,79,7.650851330254227e-05,0.9941605925559998,1.0054136514663696,0.007650851272046566,1.4543733186656027e-06
0.899999999999998,0.20047412949866228,-0.005451482720673084,0,80,2.082197170238942e-05,0.9942207336425781,1.006308674812317,0.002082197228446603,2.0974723611288937e-06
0.9333333333333312,0.2275069447724808,-0.006561838556081057,0,26,2.037813828792423e-05,0.9941849112510681,1.0059865713119507,0.002037813887000084,2.87684861177695e-06
0.9666666666666645,0.2553262328039785,-0.007568866014480591,0,71,1.837179297581315e-05,0.9943122267723083,1.005759835243225,0.001837179297581315,4.895964593742974e-06
0.9999999999999977,0.28383382080915115,-0.008470089174807072,0,96,1.7444108380004764e-05,0.9940658807754517,1.0057848691940308,0.0017444108380004764,7.449543318216456e-06
1.033333333333331,0.31294379058678223,-0.009288955479860306,2,72,9.825453162193298e-05,0.9941570162773132,1.0057648420333862,0.009825453162193298,5.615612735709874e-06
1.0666666666666642,0.3425809488195464,-0.01005623396486044,2,82,5.8269506553187966e-05,0.9942689538002014,1.00608229637146,0.005826950538903475,7.546405413449975e-06
1.0999999999999974,0.37267948832235076,-0.010741239413619041,2,49,0.00014420038496609777,0.9942347407341003,1.0057897567749023,0.01442003808915615,1.003229681373341e-05
1.1333333333333306,0.4031818164026004,-0.011468318291008472,4,47,0.00026869020075537264,0.9940648674964905,1.0063070058822632,0.026869019493460655,8.62109209265327e-06
1.1666666666666639,0.4340375294723644,-0.012433684431016445,6,66,0.00018170067050959915,0.9942535161972046,1.0059263706207275,0.018170066177845,2.182170874220901e-06
1.199999999999997,0.4652025156563018,-0.01359061524271965,8,84,0.00010800795280374587,0.9942863583564758,1.0058624744415283,0.010800795629620552,5.979124580335338e-06
1.2333333333333303,0.4966381694180608,-0.014857890084385872,4,91,0.0002399301592959091,0.9941047430038452,1.005667805671692,0.02399301528930664,7.381445357168559e-06
1.2666666666666635,0.5283107042222595,-0.016232013702392578,4,44,0.00017712227418087423,0.9940478801727295,1.005609393119812,0.017712228000164032,4.2782189666468184e-06
1.2999999999999967,0.5601905509945884,-0.01761188730597496,2,41,1.6230842447839677e-05,0.9943904280662537,1.0055233240127563,0.0016230843029916286,3.818733603111468e-06
1.33333333333333,0.5922518316701432,-0.018894260749220848,0,43,1.158514351118356e-05,0.9943365454673767,1.0058693885803223,0.001158514292910695,4.68941743747564e-06
1.3666666666666631,0.624471898456971,-0.020065512508153915,0,74,1.7909769667312503e-05,0.9942725300788879,1.0058313608169556,0.0017909769667312503,4.2651095100154635e-06
1.3999999999999964,0.6568309306118196,-0.021122828125953674,0,80,1.8544596969150007e-05,0.9940816760063171,1.0056545734405518,0.0018544597551226616,2.7868838969880017e-06
1.4333333333333296,0.6893115815490309,-0.02206355147063732,2,31,5.275433068163693e-05,0.9942309260368347,1.0056474208831787,0.005275432951748371,1.5223080254145316e-06
1.4666666666666628,0.7218986699996608,-0.022952454164624214,4,49,0.0001590688043506816,0.9944261312484741,1.0058214664459229,0.01590687967836857,3.416347681195475e-06
1.499999999999996,0.7545789097221796,-0.023869110271334648,6,70,0.00013851604308001697,0.9942813515663147,1.0058773756027222,0.013851604424417019,1.2465378631532076e-06
1.5333333333333292,0.7873406729524907,-0.024832267314195633,8,112,0.00023335996957030147,0.9943249821662903,1.0058361291885376,0.023335997015237808,1.5165197737587732e-06
1.5666666666666624,0.8201737833816962,-0.025904767215251923,4,48,0.00024265682441182435,0.9940803050994873,1.0059618949890137,0.024265682324767113,3.0099745345069095e-06
1.5999999999999956,0.8530693349757628,-0.027122505009174347,6,62,0.00015121622709557414,0.9943996667861938,1.0056912899017334,0.015121622942388058,8.358540981134865e-06
1.6333333333333289,0.8860195334113257,-0.02843649312853813,6,95,9.056566341314465e-05,0.9944044351577759,1.005729079246521,0.009056566283106804,1.1781711691583041e-05
1.666666666666662,0.9190175573045359,-0.02975950762629509,4,100,0.00017554157238919288,0.9940804243087769,1.0055763721466064,0.017554156482219696,1.0860495422093663e-05
1.6999999999999953,0.9520574367622503,-0.03108729049563408,2,29,5.28998498339206e-05,0.9941847324371338,1.0056748390197754,0.005289984866976738,2.290391785209067e-05
1.7333333333333285,0.9851339470932723,-0.032343342900276184,0,41,1.6021658666431904e-05,0.9942064881324768,1.0057857036590576,0.0016021658666431904,1.265771879843669e-05
1.7666666666666617,1.018242515787266,-0.0334852859377861,4,78,2.4683686206117272e-05,0.9941915273666382,1.0058434009552002,0.0024683685041964054,8.401161721849348e-06
1.799999999999995,1.0513791411051852,-0.03454031050205231,4,33,8.251299732364714e-05,0.9940565824508667,1.0057142972946167,0.00825130008161068,6.008693617332028e-06
1.8333333333333282,1.084540320831786,-0.03552332520484924,4,38,1.7136699170805514e-05,0.9941627979278564,1.0059398412704468,0.0017136698588728905,1.0432960152684245e-05
1.8666666666666614,1.11772298992173,-0.03646401688456535,4,78,0.000169517079484649,0.9942260980606079,1.0059162378311157,0.016951708123087883,1.57077065523481e-05
1.8999999999999946,1.1509244659291153,-0.037438809871673584,4,71,0.000227966665988788,0.9942150115966797,1.0059261322021484,0.022796666249632835,8.94128515938064e-06
1.9333333333333278,1.1841424012488586,-0.03852325305342674,6,53,0.000118505340651609,0.994242250919342,1.0059043169021606,0.01185053400695324,5.836679520143662e-06
1.966666666666661,1.2173747413196272,-0.03970601037144661,4,36,0.00019870276446454227,0.9942516088485718,1.0056999921798706,0.019870275631546974,3.4813504043995636e-06
1.9999999999999942,1.250619688044161,-0.040983207523822784,4,74,0.00015913792594801635,0.9943955540657043,1.005733609199524,0.015913791954517365,7.565425676148152e-06
2.033333333333329,1.2838756677757137,-0.04231519624590874,4,100,0.00010248731996398419,0.9943151473999023,1.0056984424591064,0.010248731821775436,7.236711553559871e-06
2.066666666666664,1.3171413033006372,-0.043592434376478195,4,22,5.190304364077747e-05,0.9943383932113647,1.005507469177246,0.005190304480493069,8.816357876639813e-06
2.099999999999999,1.3504153893182926,-0.044828448444604874,2,56,7.695598469581455e-05,0.994403064250946,1.0056579113006592,0.007695598527789116,1.8175754803451127e-06
2.133333333333334,1.3836968709817201,-0.0460239015519619,2,82,2.715569280553609e-05,0.9941933751106262,1.0057837963104248,0.0027155692223459482,2.78752168014762e-06
2.166666666666669,1.416984825117004,-0.04710955545306206,2,76,4.8414221964776516e-05,0.994106113910675,1.0057059526443481,0.004841422196477652,4.767132395500084e-06
2.200000000000004,1.4502784437869654,-0.048125121742486954,4,44,9.578980098012835e-05,0.9939983487129211,1.0057692527770996,0.009578980505466461,6.033432782714954e-06
2.233333333333339,1.4835770199065408,-0.04915732145309448,4,59,6.407208275049925e-05,0.9941391348838806,1.0059150457382202,0.006407208275049925,4.518775313044898e-06
2.266666666666674,1.5168799346537494,-0.050177451223134995,8,69,0.00017815727915149182,0.9942600131034851,1.005961537361145,0.0178157277405262,2.681654905245523e-06
2.300000000000009,1.5501866464521032,-0.051234252750873566,4,54,0.00022355743567459285,0.9940290451049805,1.0059905052185059,0.022355742752552032,1.381676383971353e-06
2.333333333333344,1.583496681328311,-0.05239277333021164,5,54,0.00016347075870726258,0.9943702816963196,1.0058119297027588,0.01634707674384117,3.863609890686348e-06
2.366666666666679,1.6168096244735932,-0.05361654981970787,4,57,0.00012858254194725305,0.994409441947937,1.0056418180465698,0.012858253903687,3.600880972953746e-06
2.400000000000014,1.6501251128583743,-0.05485842376947403,4,99,0.0001956341293407604,0.9943016171455383,1.005541205406189,0.01956341229379177,2.919158532677102e-06
2.433333333333349,1.6834428287688552,-0.05613376945257187,4,34,7.24758137948811e-05,0.9943658113479614,1.005624771118164,0.007247581146657467,9.215164595843817e-07
2.466666666666684,1.7167624941503958,-0.05737041309475899,0,9,1.2552845873869956e-05,0.9944466948509216,1.0056649446487427,0.0012552845291793346,5.611567758023739e-06
2.500000000000019,1.7500838656569948,-0.05853023752570152,4,99,0.00010868461686186492,0.994175910949707,1.0057272911071777,0.010868461802601814,7.271798494912218e-06
2.533333333333354,1.783406730318723,-0.05965782701969147,4,70,0.0001558601070428267,0.9940838813781738,1.005703091621399,0.015586011111736298,6.6451657403376885e-06
2.566666666666689,1.8167309017499822,-0.06075834855437279,2,39,3.700370143633336e-05,0.9942715167999268,1.0058283805847168,0.0037003702018409967,3.9814648289393517e-07
2.600000000000024,1.8500562168310688,-0.06180597096681595,4,71,9.575524018146098e-05,0.9940597414970398,1.0058561563491821,0.009575524367392063,4.051546511618653e-06
2.633333333333359,1.8833825328039706,-0.06287506222724915,4,67,0.00014157012628857046,0.9940589070320129,1.0057525634765625,0.014157013036310673,4.948836703988491e-06
2.666666666666694,1.9167097247306843,-0.0639844536781311,6,48,7.422931957989931e-05,0.994145393371582,1.0058420896530151,0.007422931957989931,4.42389364252449e-06
2.700000000000029,1.950037683268803,-0.06511036306619644,4,43,0.0001782154868124053,0.9942111372947693,1.0058475732803345,0.017821548506617546,2.7920968932448886e-06
2.733333333333364,1.9833663127247692,-0.0662900060415268,4,60,0.00017734600987751037,0.9943695664405823,1.0058482885360718,0.017734600231051445,2.992770077980822e-06
2.766666666666699,2.016695529350135,-0.06751365214586258,6,102,0.00011825795809272677,0.9942952394485474,1.0056627988815308,0.011825796216726303,4.1829043766483665e-06
2.800000000000034,2.0500252598504933,-0.0687146708369255,4,35,0.00013284625310916454,0.9943593740463257,1.0055543184280396,0.013284625485539436,3.642818455773522e-06
2.833333333333369,2.083355440080534,-0.06990610063076019,4,38,9.582254278939217e-05,0.9944720268249512,1.0056699514389038,0.009582254104316235,3.0775004233873915e-06
2.866666666666704,2.1166860139019934,-0.07111134380102158,2,91,6.600384949706495e-05,0.9942857027053833,1.005631923675537,0.006600385066121817,8.970355338533409e-07
2.900000000000039,2.150016932184162,-0.07223449647426605,6,79,8.987808541860431e-05,0.9942091107368469,1.0055583715438843,0.008987808600068092,9.97133042801579e-07
2.933333333333374,2.183348151929151,-0.07333878427743912,4,49,0.0001257049007108435,0.9940645098686218,1.0056737661361694,0.012570490129292011,3.1824927191337338e-06
2.966666666666709,2.216679635506359,-0.0744716227054596,2,83,9.93659341474995e-05,0.9941327571868896,1.0058356523513794,0.009936593472957611,2.4269570531032514e-06
3.000000000000044,2.2500113499824845,-0.07556892186403275,6,90,9.563518688082695e-05,0.9941564798355103,1.0059171915054321,0.009563518688082695,7.776213237775664e-07
3.033333333333379,2.2833432665351827,-0.07667642831802368,4,44,0.0001440985215594992,0.9939864873886108,1.0058281421661377,0.014409852214157581,2.014804067584919e-06
3.066666666666714,2.316675359939905,-0.07783327996730804,4,45,9.563518688082695e-05,0.9942664504051208,1.0058106184005737,0.009563518688082695,5.977498744869081e-07
3.100000000000049,2.350007608120801,-0.07899293303489685,4,54,0.00012124655768275261,0.9943163990974426,1.0058146715164185,0.012124655768275261,2.9421628369163955e-06
3.133333333333384,2.383339991757674,-0.08015169948339462,4,91,0.00021640880731865764,0.9942302703857422,1.005735993385315,0.021640880033373833,3.1577942536387127e-06
3.166666666666719,2.416672493942005,-0.08134376257658005,4,42,0.00012496457202360034,0.9943791627883911,1.005746841430664,0.012496457435190678,2.0813920400541974e-06
3.200000000000054,2.4500050998759066,-0.08252992480993271,2,31,4.8770743887871504e-05,0.9943771958351135,1.005707859992981,0.004877074621617794,1.4450027947532362e-06
3.233333333333389,2.483337796608666,-0.08366631716489792,4,67,0.00014522811397910118,0.9943765997886658,1.005706787109375,0.014522811397910118,4.526217708189506e-06
3.266666666666724,2.5166705728061616,-0.0848223939538002,4,72,0.00015655677998438478,0.9942137598991394,1.0056352615356445,0.015655677765607834,3.0493581562041072e-06
3.300000000000059,2.550003418549075,-0.08597598969936371,2,34,3.7742211134172976e-05,0.9943286180496216,1.0056498050689697,0.0037742210552096367,1.6908320503716823e-06
3.333333333333394,2.583336325156283,-0.08708377927541733,4,73,0.00011935480870306492,0.9941895008087158,1.0057238340377808,0.011935480870306492,3.684724561026087e-06
3.366666666666729,2.6166692850302966,-0.08821265399456024,4,87,0.00018510945665184408,0.9940473437309265,1.0057603120803833,0.01851094514131546,5.269408575259149e-06
3.400000000000064,2.650002291521998,-0.08937085419893265,6,37,9.043833415489644e-05,0.9941065907478333,1.0058064460754395,0.009043833240866661,5.648919795930851e-06
3.433333333333399,2.6833353388122556,-0.09050412476062775,4,31,0.00010138137440662831,0.9941115975379944,1.0058300495147705,0.010138137266039848,4.028736839245539e-06
3.466666666666734,2.716668421808321,-0.09165896475315094,4,70,0.00013942735677119344,0.9941877126693726,1.0058379173278809,0.013942735269665718,1.3229291653260589e-06
3.500000000000069,2.750001536053157,-0.09283827245235443,6,85,0.00010205621947534382,0.9941961765289307,1.0057841539382935,0.01020562183111906,5.2309196689748205e-06
3.533333333333404,2.783334677646083,-0.0939907506108284,2,33,0.00014477518561761826,0.9942969083786011,1.005734920501709,0.014477518387138844,3.738850637091673e-06
3.566666666666739,2.8166678431733283,-0.09513832628726959,4,43,0.0001478711055824533,0.9944322109222412,1.0057579278945923,0.01478711050003767,2.5580936835467583e-06
3.600000000000074,2.8500010296472507,-0.09631416201591492,4,103,7.72870407672599e-05,0.9943006634712219,1.0056167840957642,0.007728704251348972,4.204374363325769e-06
3.633333333333409,2.883334234453146,-0.09743740409612656,4,78,0.00014773650036659092,0.9943521022796631,1.0055267810821533,0.014773650094866753,8.206490747397766e-06
3.666666666666744,2.916667455302695,-0.09855735301971436,4,34,0.00011648080544546247,0.9941801428794861,1.0055980682373047,0.011648080311715603,6.991443115111906e-06
3.700000000000079,2.950000690193222,-0.09972481429576874,4,81,9.271025191992521e-05,0.9942405819892883,1.0057744979858398,0.009271025657653809,3.075434960919665e-06
3.7333333333334138,2.9833339373720373,-0.1008567065000534,6,96,8.604365575592965e-05,0.9941863417625427,1.0057506561279297,0.008604365400969982,1.7588805576451705e-06
3.7666666666667488,3.016667195305236,-0.10199299454689026,4,37,0.00015427394828293473,0.9940171837806702,1.0056688785552979,0.015427394770085812,5.663870979333296e-06
3.8000000000000838,3.050000462650383,-0.10318208485841751,4,58,8.212919055949897e-05,0.9941810369491577,1.0058212280273438,0.008212919346988201,8.908869858714752e-06
3.8333333333334187,3.083333738232617,-0.10434645414352417,4,64,6.673690222669393e-05,0.9942092895507812,1.0058897733688354,0.0066736903972923756,5.645953024213668e-06
3.8666666666667537,3.1166670210237286,-0.10548566281795502,4,91,0.00017915044736582786,0.9940374493598938,1.0056812763214111,0.017915043979883194,2.4572527763666585e-06
3.9000000000000887,3.1500003101238585,-0.10665801167488098,4,44,9.724135452415794e-05,0.9942302703857422,1.0058478116989136,0.009724135510623455,2.608716386021115e-06
3.9333333333334237,3.183333604745473,-0.107810378074646,2,34,6.814843800384551e-05,0.9942722916603088,1.0058531761169434,0.006814843975007534,2.4032540295593208e-06
3.9666666666667587,3.2166669041993425,-0.10893381386995316,4,69,0.00017683487385511398,0.9943761229515076,1.0057951211929321,0.0176834873855114,5.1921319936809596e-06
4.000000000000093,3.250000207882273,-0.11007289588451385,4,63,0.00015487421478610486,0.9942349195480347,1.0056298971176147,0.015487421303987503,5.808966307085939e-06
4.033333333333425,3.283333515266362,-0.11121387034654617,6,27,2.5362169253639877e-05,0.9943571090698242,1.0056220293045044,0.0025362169835716486,2.365142563576228e-06
4.066666666666756,3.316666825889609,-0.11232659965753555,4,73,0.00012664713722188026,0.9942883849143982,1.0056979656219482,0.012664713896811008,2.236448153780657e-06
4.100000000000088,3.3500001393476797,-0.113467738032341,4,78,0.00018529135559219867,0.9941828846931458,1.0056694746017456,0.01852913573384285,3.866418410325423e-06
4.133333333333419,3.383333455286714,-0.11464530974626541,6,37,0.00010196708899457008,0.9941712021827698,1.0056604146957397,0.01019670907407999,5.693977414011897e-07
4.1666666666667505,3.4166667733970204,-0.11580243706703186,4,41,8.57598934089765e-05,0.9941427111625671,1.005717396736145,0.008575988933444023,1.2038969998684479e-06
4.200000000000082,3.4500000934075663,-0.11698149889707565,4,69,0.00012824057193938643,0.9941465854644775,1.0058377981185913,0.01282405760139227,1.5042021459521493e-06
4.233333333333413,3.4833334150811517,-0.11817323416471481,6,99,0.0001007501850835979,0.9941517114639282,1.0058128833770752,0.010075018741190434,2.6720140340330545e-06
4.266666666666745,3.5166667382101844,-0.11931335180997849,4,36,0.00011215706763323396,0.9941797852516174,1.0058069229125977,0.01121570635586977,3.5997773011331446e-06
4.300000000000076,3.5500000626129857,-0.12045355886220932,4,57,0.0001152166078099981,0.9942813515663147,1.0057817697525024,0.011521660722792149,1.0132240277016535e-05
4.333333333333408,3.5833333881305554,-0.12159810960292816,4,87,8.534516382496804e-05,0.9942370057106018,1.005760908126831,0.008534516207873821,4.818602519662818e-06
4.366666666666739,3.6166667146237406,-0.12270066887140274,4,73,0.00017124511941801757,0.9943699836730957,1.0056109428405762,0.017124511301517487,8.433551556663588e-06
4.4000000000000705,3.650000041970759,-0.12381141632795334,4,39,0.0001622338459128514,0.9942160844802856,1.005717158317566,0.01622338406741619,9.563504136167467e-06
4.433333333333402,3.6833333700650286,-0.12498102337121964,4,69,6.373375072143972e-05,0.9942774772644043,1.0057735443115234,0.006373375188559294,6.40648750049877e-06
4.466666666666733,3.716666698813273,-0.1261138617992401,6,84,0.00013491444406099617,0.9943149089813232,1.0056873559951782,0.013491444289684296,3.2078235108201625e-06
4.500000000000065,3.7500000281338584,-0.12725739181041718,4,41,0.0001502030499977991,0.9941306114196777,1.005631923675537,0.015020305290818214,6.5001131588360295e-06
4.533333333333396,3.7833333579553416,-0.12846210598945618,4,49,8.987808541860431e-05,0.9942695498466492,1.0058023929595947,0.008987808600068092,1.5295817092919606e-06
4.566666666666728,3.8166666882151974,-0.12964260578155518,6,72,3.4147888072766364e-05,0.9942461252212524,1.0058112144470215,0.0034147887490689754,9.695748303784057e-06
4.600000000000059,3.850000018858705,-0.13078786432743073,4,98,0.00017767524695955217,0.9939906597137451,1.0056885480880737,0.01776752434670925,8.418805009569041e-06
4.633333333333391,3.883333349837974,-0.131967231631279,4,46,8.0663085100241e-05,0.994144856929779,1.0057682991027832,0.008066308684647083,5.274368049867917e-06
4.666666666666722,3.9166666811110935,-0.13311873376369476,2,47,3.54939402313903e-05,0.9942480325698853,1.0059361457824707,0.003549393964931369,2.175399231418851e-06
4.7000000000000535,3.950000012641382,-0.13422463834285736,4,70,0.00015296973288059235,0.9942044019699097,1.005847692489624,0.015296973288059235,6.3857410168566275e-06
4.733333333333385,3.9833333443967383,-0.13535334169864655,4,60,0.00014935721992515028,0.994138240814209,1.0057142972946167,0.014935721643269062,4.2676288103393745e-06
4.766666666666716,4.016666676349068,-0.13648734986782074,6,37,4.922367224935442e-05,0.9943338632583618,1.0057324171066284,0.004922367166727781,3.81999643650488e-06
4.800000000000048,4.050000008473783,-0.13760428130626678,4,63,0.00016207013686653227,0.9944308996200562,1.0057624578475952,0.0162070132791996,5.861340468982235e-06
4.833333333333379,4.083333340749367,-0.1387491375207901,4,82,0.00015686055121477693,0.9941980242729187,1.0056456327438354,0.01568605564534664,1.35237542053801e-06
4.866666666666711,4.116666673156985,-0.13992302119731903,6,43,5.473884812090546e-05,0.9942002296447754,1.0055968761444092,0.005473884753882885,1.5658456504752394e-06
4.900000000000042,4.150000005680157,-0.14107204973697662,4,42,0.00010375151759944856,0.9942346215248108,1.0056755542755127,0.01037515141069889,2.2971635189605877e-06
4.9333333333333735,4.183333338304458,-0.14224670827388763,4,77,0.00014467877917923033,0.9942489266395569,1.0057436227798462,0.014467878267168999,3.3672756671876414e-06
4.966666666666705,4.216666671017266,-0.1434418261051178,4,106,0.0001367516233585775,0.9941486120223999,1.0057344436645508,0.013675162568688393,1.238172444573138e-06
5.000000000000036,4.250000003807531,-0.14459502696990967,4,35,7.23048287909478e-05,0.994100034236908,1.0056976079940796,0.007230482995510101,2.955884156108368e-06
5.033333333333368,4.283333336665586,-0.14574725925922394,4,58,9.376344678457826e-05,0.9942590594291687,1.0057870149612427,0.0093763442710042,2.2859135242470074e-06
5.066666666666699,4.316666669582967,-0.14690779149532318,4,74,5.571382644120604e-05,0.9942485094070435,1.0058391094207764,0.005571382585912943,4.732214620162267e-06
5.100000000000031,4.350000002552271,-0.14801634848117828,4,57,0.00014685974747408181,0.9942337274551392,1.0057252645492554,0.014685974456369877,3.65981782124436e-06
5.133333333333362,4.3833333355670145,-0.14912782609462738,4,43,0.00013831595424562693,0.994103729724884,1.0057141780853271,0.013831594958901405,5.679479727405123e-06
5.166666666666694,4.416666668621526,-0.15027400851249695,4,60,8.209281077142805e-05,0.9942925572395325,1.0058847665786743,0.008209280669689178,1.2221137239976088e-06
5.200000000000025,4.450000001710843,-0.15139301121234894,6,73,0.00016711419448256493,0.9943525195121765,1.0057283639907837,0.016711419448256493,3.5159587241651025e-06
5.2333333333333565,4.483333334830618,-0.15252330899238586,4,40,0.00017615639080759138,0.9941563010215759,1.005711317062378,0.01761563867330551,5.512904408533359e-06
5.266666666666688,4.516666667977051,-0.15372423827648163,4,38,5.4486008593812585e-05,0.99433434009552,1.005779504776001,0.005448600742965937,8.934516699810047e-06
5.300000000000019,4.550000001146815,-0.15489256381988525,4,64,7.688686309847981e-05,0.994306743144989,1.0057252645492554,0.00768868625164032,7.051817192404997e-06
5.333333333333351,4.583333334336996,-0.15604354441165924,4,86,0.00018015816749539226,0.9940654039382935,1.0056405067443848,0.018015816807746887,2.696256615308812e-06
5.366666666666682,4.616666667545045,-0.1572362780570984,4,44,9.623363439459354e-05,0.9941964149475098,1.0057430267333984,0.009623363614082336,2.51983328780625e-06
5.400000000000014,4.650000000768734,-0.1584075689315796,4,46,1.3857061276212335e-05,0.9942854642868042,1.0058543682098389,0.0013857061276212335,7.886138519097585e-06
5.433333333333345,4.683333334006108,-0.15952979028224945,4,73,0.00011719930625986308,0.9941310882568359,1.005807638168335,0.011719930917024612,7.03788100508973e-06
5.4666666666666766,4.716666667255461,-0.16067355871200562,4,54,0.0001187709131045267,0.9940770268440247,1.0056957006454468,0.011877091601490974,3.576811877792352e-06
5.500000000000008,4.750000000515296,-0.16181053221225739,4,39,2.8296199161559343e-05,0.9943170547485352,1.005847692489624,0.0028296199161559343,8.370919317712833e-07
5.533333333333339,4.783333333784306,-0.16291412711143494,4,48,0.00014665602066088468,0.9943603873252869,1.0058084726333618,0.014665601775050163,6.341705557133537e-06
5.566666666666671,4.8166666670613445,-0.16404539346694946,4,92,0.00017130696505773813,0.9941390156745911,1.0057225227355957,0.017130697146058083,6.316720828181133e-06
5.600000000000002,4.8500000003454105,-0.16520355641841888,6,39,5.1970346248708665e-05,0.9942357540130615,1.0056456327438354,0.0051970346830785275,3.333002041472355e-06
5.633333333333334,4.883333333635626,-0.16634231805801392,4,27,0.00014164470485411584,0.9942559599876404,1.0057103633880615,0.014164470136165619,1.3253929864731617e-05
5.666666666666665,4.916666666931223,-0.16751033067703247,4,71,0.00012664713722188026,0.9943008422851562,1.0057965517044067,0.012664713896811008,1.1595222531468607e-05
5.699999999999997,4.9500000002315305,-0.16870112717151642,6,96,0.0001098615030059591,0.9941697120666504,1.0056623220443726,0.010986150242388248,7.078480393829523e-06
5.733333333333328,4.983333333535961,-0.16984988749027252,4,33,9.408904588781297e-05,0.9941407442092896,1.005580186843872,0.009408904239535332,1.778359910531435e-05
5.7666666666666595,5.016666666843998,-0.17100420594215393,4,55,0.0001232456270372495,0.9943029880523682,1.0057663917541504,0.012324562296271324,5.088179386802949e-05
5.799999999999991,5.050000000155193,-0.1721852570772171,4,69,9.325594874098897e-05,0.9942448735237122,1.0057851076126099,0.009325594641268253,0.00011239093146286905
5.833333333333322,5.083333333469151,-0.17331737279891968,4,47,0.00010038820619229227,0.9941813349723816,1.0056675672531128,0.010038821026682854,5.8221859944751486e-05
5.866666666666654,5.116666666785528,-0.17444270849227905,4,35,0.00011390147847123444,0.9941067695617676,1.0057191848754883,0.011390147730708122,9.212883014697582e-05
5.899999999999985,5.15000000010402,-0.17560164630413055,4,58,5.678703018929809e-05,0.9942816495895386,1.0059219598770142,0.00567870307713747,0.00010667627066140994
5.933333333333317,5.183333333424366,-0.1767256110906601,6,99,0.0001482476363889873,0.9942452311515808,1.0057989358901978,0.014824763871729374,7.1865099016577e-05
5.966666666666648,5.216666666746331,-0.17784591019153595,4,47,0.00016446574591100216,0.9941168427467346,1.0057291984558105,0.01644657552242279,0.00017212826060131192
5.99999999999998,5.250000000069717,-0.17901308834552765,4,35,8.586903277318925e-05,0.9942935705184937,1.0057955980300903,0.008586903102695942,0.00011260454630246386
6.033333333333311,5.283333333394343,-0.1801629513502121,2,56,0.00010673284123186022,0.994321882724762,1.0057393312454224,0.010673284530639648,4.0540478948969394e-05
6.0666666666666424,5.316666666720056,-0.181297168135643,4,96,0.00019155777408741415,0.9941351413726807,1.005635380744934,0.019155777990818024,6.60779551253654e-05
6.099999999999974,5.35000000004672,-0.18248243629932404,4,46,8.010647434275597e-05,0.9942629933357239,1.0057427883148193,0.008010647259652615,5.591052831732668e-05
6.133333333333305,5.383333333374216,-0.18365053832530975,4,47,3.406057658139616e-05,0.994326114654541,1.0057621002197266,0.0034060575999319553,0.00011266307410551235
6.166666666666637,5.416666666702441,-0.18478542566299438,4,91,0.00013851604308001697,0.9941667318344116,1.0057522058486938,0.013851604424417019,0.00011442257527960464
6.199999999999968,5.450000000031303,-0.18595276772975922,4,60,0.0001440985215594992,0.9941011071205139,1.0056533813476562,0.014409852214157581,4.853022619499825e-05
6.2333333333333,5.483333333360723,-0.1871146857738495,2,29,2.4756445782259107e-05,0.9943245053291321,1.0058412551879883,0.002475644461810589,7.208680472103879e-06
6.266666666666631,5.516666666690631,-0.18823489546775818,4,58,0.00011763768270611763,0.9942910075187683,1.0058165788650513,0.011763768270611763,8.634202822577208e-05
6.2999999999999625,5.550000000020967,-0.18937863409519196,4,124,0.00014367105904966593,0.9940714240074158,1.005729079246521,0.014367105439305305,2.6886045816354454e-05
6.333333333333294,5.583333333351677,-0.1905301958322525,6,32,3.54939402313903e-05,0.9942100644111633,1.0057719945907593,0.003549393964931369,3.567289240891114e-05
6.366666666666625,5.616666666682713,-0.1916532963514328,4,32,0.0001357366272713989,0.9942044615745544,1.0057944059371948,0.013573662377893925,5.04197996633593e-05
6.399999999999957,5.650000000014036,-0.1927957981824875,4,61,0.0001473672455176711,0.9942039251327515,1.0058192014694214,0.014736725017428398,4.767897553392686e-05
6.433333333333288,5.68333333334561,-0.19396281242370605,6,71,9.056566341314465e-05,0.9941858649253845,1.0056427717208862,0.009056566283106804,5.897722439840436e-05
6.46666666666662,5.716666666677404,-0.1951022893190384,4,44,0.00012499003787524998,0.994145393371582,1.0056424140930176,0.012499003671109676,5.700821566279046e-05
6.499999999999951,5.750000000009389,-0.19625656306743622,4,43,0.00011371957953087986,0.9943699836730957,1.0057350397109985,0.011371958069503307,8.683647320140153e-05
6.533333333333283,5.783333333341543,-0.19744527339935303,4,97,8.635288395453244e-05,0.9942271113395691,1.0057350397109985,0.00863528810441494,6.859723362140357e-05
6.566666666666614,5.816666666673843,-0.19858653843402863,4,59,0.00010793883120641112,0.9942006468772888,1.00559663772583,0.010793883353471756,8.37221959955059e-05
6.5999999999999455,5.850000000006272,-0.19972918927669525,4,34,0.00011589690984692425,0.9942224621772766,1.0057015419006348,0.011589691042900085,5.817247256345581e-06
6.633333333333277,5.883333333338814,-0.20090970396995544,4,70,6.574373401235789e-05,0.9943315386772156,1.005894422531128,0.006574373226612806,7.02286561136134e-05
6.666666666666608,5.916666666671454,-0.20204177498817444,6,71,0.00012165583029855043,0.9941738843917847,1.0057744979858398,0.012165582738816738,4.404903665999882e-05
6.69999999999994,5.950000000004181,-0.20316468179225922,4,41,0.00013810313248541206,0.9940835237503052,1.005658507347107,0.013810313306748867,1.0188793567067478e-05
6.733333333333271,5.983333333336983,-0.2043255716562271,4,46,6.393747753463686e-05,0.9942771792411804,1.0058813095092773,0.006393747869879007,2.7785559723270126e-05
6.766666666666603,6.016666666669851,-0.2054574340581894,2,55,0.0001118332875194028,0.9943217635154724,1.0058029890060425,0.011183328926563263,6.722076068399474e-05
6.799999999999934,6.050000000002777,-0.20658066868782043,4,73,0.00019837170839309692,0.9941235780715942,1.0056887865066528,0.019837170839309692,6.1403276049532e-05
6.8333333333332655,6.083333333335753,-0.20775720477104187,4,38,8.961615094449371e-05,0.994293212890625,1.0057629346847534,0.008961615152657032,2.4910717911552638e-05
6.866666666666597,6.116666666668774,-0.20891262590885162,2,40,6.160007615108043e-05,0.9943533539772034,1.0057793855667114,0.006160007789731026,2.6695879569160752e-05
6.899999999999928,6.1500000000018336,-0.2100447565317154,4,93,0.000160513081937097,0.9942135810852051,1.005730390548706,0.016051307320594788,3.879765426972881e-05
6.93333333333326,6.183333333334928,-0.21121668815612793,4,51,0.00012997952580917627,0.9941524267196655,1.0056227445602417,0.012997952289879322,2.9468044886016287e-05
6.966666666666591,6.216666666668051,-0.21238820254802704,4,23,2.4234395823441446e-05,0.9943885803222656,1.005773901939392,0.0024234396405518055,3.141164415865205e-05
6.999999999999923,6.2500000000012,-0.21351945400238037,4,51,0.00010811163519974798,0.9943436980247498,1.005776286125183,0.010811163112521172,2.2026728402124718e-05
7.033333333333254,6.283333333334372,-0.21467843651771545,4,112,0.00016910962585825473,0.9940793514251709,1.005735993385315,0.016910962760448456,9.138138011621777e-06
7.066666666666586,6.3166666666675635,-0.21584157645702362,6,29,4.7361027100123465e-05,0.9941955804824829,1.0057613849639893,0.004736102651804686,2.8930035114171915e-05
7.099999999999917,6.350000000000773,-0.216964453458786,4,35,0.00010898475011344999,0.994137704372406,1.0057957172393799,0.010898474603891373,2.717929965001531e-05
